X1,X2,y
53.76671395461,1.34739739308355,0.594013395497841
183.388501459509,-1.33822599074547,0.505658894359713
-225.884686100365,-0.800645401269327,0.253315540210841
86.2173320368121,-1.34360485443812,0.453380894554974
31.8765239858981,1.1512580331663,1.72051925109862
-130.768829630527,-1.55618703084163,0.434454728517248
-43.3592022305684,-2.12712240576933,1.03227874232293
34.262446653865,1.105956602574,1.78067542644826
357.839693972576,-0.846857675672974,0.610008998654698
276.943702988488,0.723174329696111,-0.0589322105806827
-134.988694015652,-0.703778483892211,0.343852591624161
303.492346633185,0.539081415946126,1.27093052192868
72.5404224946106,-5.12889871224217,1.22831015923873
-6.30548731896562,0.931728256157652,0.470341182491153
71.4742903826096,3.7071218849877,-0.431113327183359
-20.4966058299775,2.07857867969442,-0.487216207273024
-12.4144348216312,1.821793158917,0.159646801297991
148.969760778546,-0.479462573202658,1.42879986831063
140.903448980048,0.361996159584882,1.45917178265121
141.719241342961,0.488499093626694,1.44764935777182
67.1497133608081,0.192785769079435,0.0411197168170736
-120.748692268504,-1.66093699523852,0.392828722558706
71.7238651328838,-0.704504371324526,0.107717484282623
163.023528916473,-0.349550079088197,0.31983114077807
48.8893770311789,-0.961306838962025,1.40530748882713
103.469300991786,1.67367342283536,0.888118508932563
72.6885133383238,5.07669868277804,-0.617982194160231
-30.3440924786016,-2.6466685029608,0.602688735456951
29.3871467096658,0.256680526686615,1.90712270317756
-78.7282803758638,-2.88475830672228,2.73397510080835
88.8395631757642,2.60501641921427,0.205770134212614
-114.707010696915,2.81982300003805,-0.270859404512806
-106.887045816803,-3.32508594071616,1.25706557946193
-80.9498694424876,3.88736895678429,1.50612488734053
-294.42841619949,-2.16939690447523,1.74047230308942
143.83802928151,0.453637950042839,1.50403392438919
32.5190539456198,2.19785840496948,1.74733742854236
-75.4928319169703,0.294377504944513,2.00754371776253
137.029854009523,4.59133162602568,1.24927770981421
-171.15164188537,5.50511575519098,1.33657787866093
-10.2242446085491,0.276635449631106,0.432180215022359
-24.1447041607358,-3.81413241674624,1.00251012082288
31.9206739165502,-0.729985986746956,2.05047003476579
31.2858596637428,-1.69622002314964,2.44253988073863
-86.4879917324456,-1.52950672904228,2.10802914198503
-3.00512961962686,-2.25538962907387,1.25758995596952
-16.4879019209038,0.156377790166691,0.151015135089728
62.7707287528726,4.21325931141156,-0.113883475049174
109.326566903948,-1.43169478626765,1.78271177595473
110.92732976144,-0.561031323482962,1.72336926992876
-86.3652821988714,2.33295000903203,1.67086347457475
7.73590911304249,2.42564283752852,1.08721642245181
-121.411704361541,0.971081974115929,-0.0294861179639424
-111.350074148676,2.05203297239197,0.137943966157787
-0.684932810334806,1.74145204216736,0.863957278061428
153.263030828475,-0.76351575701781,0.984716122738179
-76.9665913753682,0.857786054205992,1.6126408261318
37.1378812760058,-0.598261040045815,1.74260874659041
-22.5584402271252,-1.79973703999906,0.412717096552442
111.735613881447,1.26949092251414,1.50742423328009
-108.906429505224,0.134907181657129,0.643157518337557
3.25574641649735,-0.374241089682776,1.40813215404478
55.2527021112224,0.583454910004789,0.632941298657404
110.061021788087,1.97538938382337,1.31864223501266
154.421189550395,0.785869139755109,0.448156603864446
8.59311331754255,0.3891027480521,1.63759199936235
-149.159031063761,0.559569912964691,0.87154272612981
-74.2301837259857,0.1024406236889,1.82730167929066
-106.158173331999,-1.54893248787883,0.96052159269387
235.045722400204,1.57356342080579,1.58693101541337
-61.5601881466894,2.81781390198699,1.23233926847299
74.8076783703985,-1.06819716758374,0.244243810745284
-19.2418510588264,3.85551685962338,-0.480083713758355
88.8610425420721,-0.352495094515229,0.281579784145618
-76.4849236567874,-0.487500724972919,1.90486266547225
-140.226896933876,-1.79520131741992,0.73620647419787
-142.23759250915,-1.5846737302141,0.770946374805123
48.8193909859941,-1.90594938190676,1.49203348647199
-17.7375156618825,0.707810908472852,-0.159222257380817
-19.6053487807333,3.19405264782231,-0.376697872587974
141.931015064255,1.05494050228385,1.17380098151291
29.1584373984183,1.70840460230369,1.89924784565814
19.7811053464361,2.68369304409191,1.57438283215326
158.769908997406,-4.99906688385941,1.89967423135653
-80.4465956349547,-0.335118644339408,2.04894875975406
69.6624415849607,0.706030629054304,0.0355582484641298
83.5088165072682,1.43450745098031,-0.188533501676685
-24.3715140377952,-2.60970327746322,0.671421795141446
21.5670086403744,-2.01173790348815,2.52042515274789
-116.584393148205,1.58136693949465,-0.302799660020221
-114.795277889859,-0.233142657317711,0.220583568765243
10.4874716016494,1.10617977575658,1.37871026829318
72.2254032225002,-1.9212896094383,0.408234729263769
258.549125261624,-3.26760479158557,1.12720169440711
-66.6890670701385,1.52240056373367,1.67053147495679
18.733102457894,2.38661430340614,1.65499925398654
-8.24944253709554,3.26411443184176,0.10945427316559
-193.302291785099,-3.06437920593151,2.06319007523617
-43.8966153934773,-2.67370480944046,1.05835682952953
-179.467884145512,-2.94769299601705,2.60102153274263
84.0375529753905,-0.0833261485928991,0.118830003982795
-88.803208232901,-1.23101467025683,1.74673223806007
10.0092833139322,2.62830961755169,1.22792680190109
-54.4528929990548,-2.91013316496448,1.8793906196503
30.3520794649354,-3.48469844119523,2.75063609205597
-60.0326562133734,0.410609366584383,1.62253148179419
48.9965321173948,2.38586079705144,0.792533941530553
73.9363123604474,-1.60564619661188,0.43964526960128
171.188778298155,-2.53127284447594,0.480428392344853
-19.4123535758265,-0.298662706367121,0.0255782580273771
-213.835526943994,-3.27289335650779,0.952063151014039
-83.9588747336614,0.0346886920873164,1.97826629243937
135.459432800464,1.65677453198218,1.68079781051465
-107.215528838425,0.435476696762956,0.479417525048494
96.0953869740567,-3.81848980252545,1.58712632019802
12.4049800003193,-1.073643642575,1.74675765536607
143.669662271894,-0.604064596892733,1.56044607787007
-196.089999936503,3.62716426180867,0.791825739250777
-19.769822597415,1.82970350568215,-0.327107118845519
-120.78454852598,-0.114161431828954,0.0206233066570956
290.800803072936,2.61872415565884,-0.0829733950907941
82.5218894228491,-2.08947169681926,0.569197344980489
137.897197791661,-0.696533620670531,1.79493779186957
-105.818025798736,2.82512232145859,0.430123295261631
-46.8615581100624,3.00476585716559,0.274187672930519
-27.2469409250187,1.46075198907457,-0.10908817500329
109.842461788862,0.98150454380674,1.44320767602345
-27.7871932787639,-1.17225227915281,0.239322782933594
70.1541458163284,1.48979930084856,-0.102212412626291
-205.181629991115,-1.65630993961131,1.11741409267851
-35.3849997774433,1.14904146329886,-0.0759552881490989
-82.3586525156853,0.563682765290523,1.9372243920426
-157.70570227992,2.27861253806101,1.02848746514263
50.7974650905946,-0.851735691143419,0.995029141118666
28.1984063670556,1.27227978280593,1.72154601247392
3.34798822444514,1.58635616277915,1.05013051353366
-133.367794342811,-1.79675422820149,0.377191963502592
112.749227834159,0.312489688555099,1.7008154362981
35.0179410603312,3.19450782255514,1.43672560684253
-29.9066030332982,0.224879421187482,0.0257722574913168
2.28897927516298,-0.617249869094057,1.30713541545577
-26.1995434966092,0.913319218230301,-0.255646193288763
-175.021236844679,-0.550201661135339,2.19679404376071
-28.565097159533,0.886287217567574,-0.100986986147741
-83.1366511567624,-0.2695302534457,1.99108912659888
-97.9206305167302,-0.0366564594773726,1.03805619520798
-115.6401655664,0.921578850014424,0.030822550316669
-53.3557109315987,2.7246309286846,0.932062677809839
-200.263573588306,0.903749134761417,0.945024370160432
96.4229422631628,3.29676731409234,0.345960159488209
52.0060101455458,-4.05672392170553,1.65517417724867
-2.00278516425381,-0.89851362288982,0.926357537981237
-3.4771086028483,0.471986403423899,0.729473500036874
-79.8163584564142,-1.67034592756656,2.35498590892952
101.868528212858,-2.55191032681644,1.69352349160179
-13.3217479507735,1.23407016256118,0.0101743292027806
-71.4530163787158,1.22540300741455,2.01498022803511
135.138576842666,0.578762310589762,1.71914915269247
-22.4771056052584,0.790632244736927,-0.0243700607441664
-58.9029030720801,-1.74112568411402,1.82577439393198
-29.3753597735416,-0.99537675640845,0.106507566497814
-84.7926243637934,-0.213343634112305,1.92132905927571
-112.012830124373,-1.37565827085572,0.676322376279343
252.599969211831,0.663761753962844,0.91485855642831
165.549759288735,4.73044948519783,-0.427164935212731
30.7535159238252,-0.964461436939516,1.94695303414828
-125.711835935205,1.29489641340153,-0.031386202033636
-86.5468030554804,-2.06884943446833,2.18629594952391
-17.6534114231451,2.67910919580823,-0.368203637896976
79.1416061628634,-1.93828071165766,0.359080224789135
-133.200442131525,0.417431202544397,-0.0182614882003235
-232.986715580508,-1.23718671072109,0.468388198536149
-144.909729283874,1.02403128747291,0.587902421443141
33.3510833065806,0.0227083422016401,1.88596442924564
39.1353604432901,-0.0879772525334016,1.66966649166823
45.1679418928238,5.89818508263118,0.590989603438541
-13.0284653145721,-1.2600923870547,0.602816475877463
18.3689095861942,-0.0937587990763861,1.96484103251589
-47.6153016619074,5.36605102154346,0.233488266220626
86.2021611556922,-2.29338137235809,0.684723526740577
-136.169447087075,1.10599749093253,0.05780212974025
45.5029556444334,-2.152916818185,1.62174677617564
-84.8709379933659,2.06127916817358,1.59714500333276
-33.4886938964048,0.655059624952419,0.17468942786819
55.278334594455,1.30424962253986,0.726417022708835
103.909065350496,-0.557722232775644,1.39095462273713
-111.763868326521,0.490383187448042,0.165615438543012
126.06587091209,2.94502695764315,1.62996982613636
66.0143141046978,-4.5502030846948,1.18927290133739
-6.78655535426873,-3.26658144984248,1.24870227679152
-19.5221197898754,0.830937873957514,-0.136574719954865
-21.7606350143192,-1.30953770371603,0.181224789076517
-30.3107621351741,-0.592696630813197,0.196802605118524
2.30456244251053,-2.99383775289511,1.67978903087104
5.12903558487747,-1.8096688946554,1.73547745734684
82.6062790211596,-0.808363090062404,0.335802791613565
152.697668673337,-1.45159633209792,1.20876861869888
46.69144356847,-1.73297005071922,1.53920812966117
-20.9713338388737,-0.843693560883943,0.24474376352612
62.5190357087626,-1.88533264856123,0.841548153404219
18.3227263001437,2.68376743451589,1.55792905641077
-102.976754356662,-1.97686942458973,1.18650713494279
94.9221831131022,3.63588537528695,0.40912394517517
30.7061919146703,-0.748873213015925,1.81846874959942
13.5174942099456,-2.90348143983476,2.32759002752226
51.5246335524849,-1.23736361513493,1.3764211445041
26.1406324055383,1.86900192459113,1.68263491152047
-94.1485770955434,2.11185851298543,1.00669268376336
-16.2337672803828,0.320454553497293,-0.0267614284914367
-14.6054634331526,0.57480064048631,0.193741625673112
-53.2011376808821,1.26581115408248,0.798585533774666
168.210359466318,-2.91808373816722,0.636049708463394
-87.5729346160017,-1.16341945093435,1.97453529236095
-48.3815050110121,-3.66029864420689,1.73886086290862
-71.2004549027423,-0.898206159698844,2.19551789598179
-117.421233145682,1.89854940720262,-0.14735497112286
-19.2239517539275,1.43488281888958,-0.0794784473777857
-27.4070229932602,4.5756572113415,-0.650879324235584
153.00725144241,0.3334553266994,0.779919874517056
-24.9024742513714,-4.31298150339948,0.895393510635812
-106.421341288933,3.37879861485333,0.255143135850893
160.345729812004,2.56456149418513,0.0159087303147744
123.467914689078,-1.1652619286945,2.27525432268745
-22.962645096318,0.445228961267197,-0.117083041635231
-150.615970397972,1.5589029457248,0.842749820171474
-44.4627816446985,0.769414315171431,0.644115962350784
-15.5941035724769,1.39273384576662,-0.235510315025414
27.6068253931536,-0.225431118347588,1.83816388619748
-26.1163645776479,-0.0776474018561035,-0.167751203647357
44.3421912904091,0.176177258225832,1.4039735738059
39.1894209432449,-1.5793119464327,1.96983857971891
-125.067890682641,2.84592123759826,-0.44792855182804
-94.7960922331432,0.0126633682592321,1.46897240971285
-74.1106093940411,1.37296169566787,1.80768466814364
-50.7817550278174,-1.70986726729675,1.22014983921901
-32.0575506600239,-2.15047063495616,0.425858700553724
1.2469041361618,-0.181934502387262,0.9705286245616
-302.917734140415,-0.505543665877975,1.00109592212069
-45.7014640871583,2.38964763726826,0.34455224449409
124.244840639074,1.21212741872852,1.69876304738713
-106.670139898475,1.08102885832418,0.37047996782253
93.3728162671239,-2.88987883842979,1.13062528129584
35.0321001356112,-1.93538761541452,2.27379087455753
-2.90057637087263,0.404102676435023,0.801359262703707
18.2452167505983,-0.69575594617021,2.06446176075964
-156.505601415073,2.58017598031074,1.08953850188316
-8.45394798177242,2.68230763775984,0.137259898506475
160.394635060288,-1.16159537880089,0.511061866181076
9.8347774640108,1.75027120398337,1.3804997045522
4.13736134896147,2.79089977386554,0.802968130756832
-73.4169112696739,0.641970443906191,1.78639669058287
-3.081373001232,3.24676491683966,0.282281320447312
23.2347012624477,2.12486661821744,1.78258389350764
42.6387557408945,0.428210476069177,1.47542923447181
-37.2808741723504,1.75360640393197,-0.146088868569852
-23.6454583757186,0.388814022582154,-0.0739373597098441
202.369088660305,-0.829784319535353,1.32181629919763
-225.835397049619,0.716917468790357,-0.172284988922155
222.94456804569,0.072445336088245,2.05576852186549
33.7563700613106,-0.729262336178233,2.00711265823325
100.006081958912,3.54203913403654,0.539237698517259
-166.416447498706,0.442546135431026,1.73121349453596
-59.0034564205221,5.46075516973607,1.00618547838336
-27.8064163765309,-0.592330766694323,0.2041952354721
42.2715691220478,1.12859110386999,1.34219547769114
-167.020069785047,3.16524132609445,1.44298990452593
47.1634326416303,5.45846024642076,0.672010805688452
-121.284719967446,0.607128561682088,-0.159801984927856
6.61900484246114,-1.58051695719576,1.71981562793289
65.2355888661374,1.60676046501325,0.0870779945516239
32.7059967177088,-2.63980540471738,2.41874297172139
108.263350423676,-0.547691519253115,1.50738136762979
100.607711081905,0.543733843205166,1.14588075676986
-65.0907736597753,2.97910701557217,1.39631046396288
25.7056157433969,2.87428304957965,1.66255253914429
-94.4377806404219,-0.0551227931209961,1.2712818768397
-132.178852139256,1.84786263025305,-0.13629219170367
92.4825933493706,-0.642560839931586,0.704775383546859
0.00498490752508133,1.32224977230084,0.802987312205614
-5.49189146094067,3.83058787707833,0.222470744357881
91.112726565386,0.313519219634323,0.539714012811767
59.4583697409052,-0.601072915888039,0.405038920877464
35.0201173874535,-1.00006955493969,2.01020384363445
125.0251228305,1.4329427611429,1.58843281740407
92.9789458557716,2.67457745408452,0.216200577213549
23.976325705858,4.25135989371387,1.68333644811851
-69.0361103111226,0.108091568875207,2.00686904370477
-65.1553641750281,0.326071836064329,1.76112877378133
119.210187053127,-1.26541348093999,2.13552435973554
-161.183038867781,3.22398298543067,1.28337561665456
-2.44619366359185,-0.150897448374173,0.978064004399055
-194.88471768989,-0.946474286662724,1.48824019506047
102.049801445265,4.36848157371443,0.772748202200255
86.1716302393419,1.61976221254591,-0.0817704398729899
0.116208348351385,1.43268560855453,0.595113005053246
-7.08372131604802,-2.01114226892723,0.892854307427437
-248.628392070328,0.867973226464462,0.759310112449503
58.1172322675923,1.04028718524986,0.315345676536492
-219.24349199659,-2.18448903468328,0.419154982529435
-231.92803066433,-0.451588903605089,0.305150280657417
7.99337102984397,-0.809843553098375,1.46426385714977
-94.8480983570505,1.05571843083991,1.10755549392787
41.1490621423374,-2.01392572823036,1.82982074387832
67.6977805684029,2.17805354120868,-0.248409850604687
85.7732545205355,3.56974942324277,-0.294546798539161
-69.1159125382991,-0.607509040239223,2.08682523567783
44.9377623166851,-0.0173932629874763,1.21153100685494
10.0633350315076,1.01327005307033,1.35354578003771
82.6069998469923,2.40650397737049,-0.208227457637714
53.6157079925919,1.04403545939746,0.723457712459702
89.7888425985076,0.794092184594147,0.0921159799796546
-13.1937867924581,-0.965621680638101,0.617336762265089
-14.7201456151267,-0.462994388972235,0.193826677469301
100.777340530544,1.22677042466693,0.928681530757052
-212.365546241575,3.36570107266411,-0.0254849226599505
-50.458640551401,1.13678714767903,0.988524653909557
-127.059444980866,-2.41205850849781,0.451450354981632
-38.2584802707648,0.866120777926481,0.195394918322186
64.8679262048621,-0.184241496999501,0.210835056117449
82.5727149241758,-0.488109875930801,0.13526313562017
-101.494364268014,-0.438377326093281,1.00921339017751
-47.1069912683167,-1.75953343277728,1.19587601133755
13.702487413005,-0.641608650178164,1.83609393378141
-29.1863375753573,-1.56883058751126,0.346471061877171
30.1818555261006,-0.729925055878138,2.3441852324362
39.9930942955802,0.234541144787096,1.54904359242266
-92.9961558940129,0.348679377542959,1.44057122215967
-17.6830265929232,-0.43131282608635,0.132109997315713
-213.209459916153,-0.305222959249238,0.261484434972534
114.536171051847,0.0673764397270711,1.74580062199452
-62.9090760994156,0.916564410999589,1.6398368360029
-120.384997400222,2.5632624417616,-0.386080322918711
-25.3944683422812,1.24018010311652,-0.371721252364303
-142.86468646321,-0.573347724920932,0.672137536997589
-2.08576177016003,1.19603142850244,0.644953473910523
-56.0664996528185,-0.491065350706219,1.48529369322884
217.777870918415,-3.56147435025409,2.71771376371748
113.84653873296,-4.69447845788994,3.0239859015497
-249.68865031845,-3.42719059764475,1.84090135111599
44.1326931727609,-0.474254521934207,1.31004636979928
-139.813787581107,-1.23925162966384,0.479751048120592
-25.5055179880806,-1.44032075931458,0.322064836265685
16.4404073318729,0.0813143472643648,1.87600815643637
74.7734028808123,-1.31796285716713,0.151839034887182
-27.3046949402907,-1.26103006565696,0.368096492134258
157.630014654608,1.21925018236252,0.358155409907847
-48.0937151778845,1.56466994099771,0.663319296291556
32.7512120829686,4.8731687161516,1.35500669778622
66.4734120627595,0.604814833075415,0.119637745947646
8.51885927211602,0.116639707777276,1.643258542224
88.0952785381048,-1.14826792478742,0.504548625827368
32.3213137847597,-0.390424802102214,1.79021352945095
-78.4146183664087,-0.101062555051118,2.09540582814934
-180.537335138609,-3.51155008145718,2.64276472336317
185.859294855571,-0.514715247163911,0.437822652696981
-60.4530088774459,1.49908377074225,1.33054227087686
10.3359722310648,-1.1415286179995,1.96343706715608
56.3166955145978,0.988466751906235,0.380960921215053
11.3596996734002,1.9828808776505,1.26199250206411
-90.4726212798032,2.15428022686836,1.35754102727591
-46.7714582451856,1.55368359641399,0.434091703271052
-12.4889947223107,-4.51968070306199,1.48539626147547
147.895849150403,-1.12875338226085,1.38259031478253
-86.0815690006961,1.80298287018584,1.49335951927689
78.4668467287821,0.789351063136584,-0.133794329026314
30.862313994853,0.00970884743782486,2.13709055446434
-23.3860042129153,0.873837256056334,-0.167846628318464
-105.697274596013,2.26014543999334,0.316733860800743
-28.4140954626164,0.307541482181508,-0.120918656268994
-8.66902824593051,-1.51725431348667,0.688223066137568
-146.939507448636,-0.360326194246555,0.812418912929045
19.2182244870785,-0.41557917221596,2.17740722968854
-82.2293276290175,1.79349057586768,1.60117863945132
-9.42405879597235,0.824615404081063,0.244453122925065
33.621334095424,1.09503937445893,1.64519340603477
-90.4654059246837,0.29567008709792,1.58723356314372
-28.8256361205696,-0.724534310727103,0.0255265906711844
35.0062757534178,0.122282590041203,1.85132321277446
-183.585914250431,0.433411101040761,1.65516420833713
103.597590824548,-2.79624482623551,1.80471045299806
242.446114493936,0.357740745972521,1.21643419353653
95.9400509407975,1.85516843641121,0.535293569870068
-31.5771995009408,-0.220355871418119,0.19087774518341
42.8622679859396,3.14479575754601,0.956907296462309
-103.598477851339,1.12098122799227,0.637164602925546
187.786546049586,-0.840689211254973,0.472428209225717
94.0704403352132,-0.307890779331595,0.804560288675942
78.7345779935246,-0.550397186843119,0.136315118228558
-87.5874261956672,0.482240909558165,1.72992934290228
31.9949134382331,1.50937278748928,1.67087111414898
-55.8294284850904,-0.583819799569844,1.39550381334497
-31.1429418546895,0.916890759954401,-0.0719425320116384
-57.0009916642186,3.51057726348888,0.962955451827821
-102.573361562871,1.86298118308312,0.660264130578304
-90.8745586874325,1.65052888285969,1.29635559594958
-20.9897334055591,-1.62961426789454,0.259518767184893
-169.886408417261,-1.06840835796937,2.1282490649889
60.7600575846084,0.485103318124631,0.415455273792562
-11.7798289267962,-0.201295898144117,0.318230161242646
69.9160333644167,-3.25009689895645,0.703622359059393
26.9648641716598,-3.02884630460424,2.74745498373448
49.4287055379411,2.05237878510439,0.756313892417749
-148.31210225159,-1.51625495191782,1.14538312883008
-102.026438568297,4.15668957822569,0.299318897148515
-44.6995010744528,-4.4439732104206,1.62242200953082
10.9658591327603,0.897527277032486,1.51216961018469
112.873645202828,0.00125223081420791,1.69160058878827
-28.9963040800028,-1.51247861822935,0.349949611853911
126.155071814115,0.808649652269359,1.72562548023214
47.5424811707271,-1.58770575056355,1.58891372410274
117.411675149371,1.71956639146592,1.68800993735979
12.6947068043646,0.133738421234057,1.53699846560201
-65.6815928948082,-3.27877478739572,2.66627823760997
-148.139907157878,-4.84949982674441,2.06861254927395
15.5488995903894,-0.567659852605608,1.9582558484674
81.8551368521,2.29161259793729,-0.204179609717287
-29.2588130834394,0.362338579091796,-0.110833723080744
-54.0786416488526,0.108500457089237,0.949411933654155
-30.8641815280113,1.37550730854953,-0.0841997795442868
-109.659330152547,-2.78681460396907,0.986630498377602
-49.3009815316451,2.85073147237402,0.518116853900352
-18.0739356415037,-1.78770231571773,0.482190976915377
4.5841105713705,0.075529399908379,1.20258476361495
-6.37831200223326,-0.727138576378315,0.805838901176465
61.1335194065236,0.299112964921122,0.32259428181346
10.931769377487,-3.88903621232477,2.44702678132247
181.401545028038,3.04778978907304,-0.234792002177673
31.2023828329274,1.09162033612694,1.80612532393324
180.449377172419,4.01985498904341,-0.305015909581498
-72.3121479570418,2.83334132171613,1.52012499556667
52.6547037749559,0.0229613311090797,0.740625426641823
-26.0250861706117,-1.87809864216107,0.40095008889229
60.014250880863,-3.47781677602892,1.26358256024692
59.3930795648753,0.0339419431381237,0.520656234328295
-218.602161274824,0.438318187167092,0.00991747510087899
-132.704314952029,2.09164122027216,-0.203023892456945
-144.101359763891,-1.90196530793982,1.07608101022626
40.1844497039815,1.58959484572337,1.54208104408036
147.020128084852,0.142859619774816,1.25106858213468
-32.6814228785906,-1.54737380454478,0.416883787758665
81.2323004640796,1.54832368719223,-0.209202394069882
54.5540103526116,0.531309435957669,0.682982652740395
-105.163230952085,-0.470211061846513,0.714355983761572
39.7466995795309,3.75458444991841,1.1592832126701
-75.1894738681892,1.21847880488242,1.89396705989718
151.626689664595,-0.220547758006318,1.02783911377054
-3.25665091944807,0.554914943156081,0.767279441492478
163.599965727829,0.17409182894471,0.354945058089606
-42.5058490610031,0.347186102874856,0.675235437412514
58.9433366718221,0.907182306742175,0.137094427799049
-6.2791225718325,-1.20703606197659,0.660594162545946
-202.195893005179,-1.59404785599169,1.07451180152088
-98.2131525779048,0.721297794987393,0.798971134156749
61.2511298166949,3.77018335468299,-0.151748140829432
-5.48861299886774,-0.6136436613056,0.735982132810807
-111.873200245272,-2.02544792187277,0.747869132761303
-62.6378538867139,-0.477091015962122,1.82458304103486
24.9517740562795,-0.968029622562713,2.10646094957762
-99.3019006549601,-0.654689043376612,1.07780778661274
97.4950224811312,0.951035967968216,0.776014750022098
-64.0709506726057,-0.260009782284711,1.77944029842373
180.886262051925,-1.18870656331535,0.14960205664028
-107.986625073883,-0.887533820210042,0.679436474048584
19.9189444075264,-2.64505929548564,2.52390064752407
-152.102656176895,-1.71904233244409,1.42239481247564
-72.3631125289073,-2.82600234495213,2.65425808048836
-59.3250315010804,-1.03197180072383,1.76320747124094
40.1336339818801,-2.17019619344344,1.99545464978677
94.2133319236942,-1.41431718152183,0.90578668434535
30.048596759573,-0.603309091509621,2.10170731126444
-37.3070658631004,-2.40088100760088,0.732275573258041
81.5488508092498,-0.0387245324854844,-0.0155510149045118
79.8886992156716,0.680741128378734,-0.0760099839691157
12.0205281956355,-1.92646196439808,2.07701328594858
57.1247629714476,2.22784517196114,0.307915442503872
41.2796010311392,-3.17221085204821,2.21462769448961
-98.6961883351522,-0.783589318050855,1.17560266641872
75.9568325914783,-2.96937244596018,0.701766863841354
-65.720129909835,-0.689254336343757,1.94515666601537
-60.3918481376169,-2.64783181145992,2.242961273861
17.6946822329411,-1.14966990167,2.0987128325298
-30.7503469862751,-1.48141345521851,0.343988435087893
-13.1820352915894,-2.37000374897717,0.7384486894777
59.5357673884102,-4.12972007296139,1.33423807361919
104.683278430523,1.13011962450563,1.02565771981601
-19.7958632611842,4.00028473318602,-0.529744165819203
32.7678163907201,4.44665544046774,1.53830921752923
-23.8301504589733,-0.984355171767042,0.160965352604047
22.9596893220314,-0.0920058689907966,2.1012877268341
43.9997904822629,-0.931494011670102,1.57100117271653
-61.6865928889227,0.151894864251326,1.83099047750983
27.4836786911666,-1.83753928831925,2.438886180735
60.1102032468295,-3.83893305964649,1.1800743139965
9.23079512389623,-0.0728862860206174,1.52751175166379
172.984139157236,-2.45025143487087,0.601546888617399
-60.8557444738319,-3.80486863558855,2.54464164814894
-73.7059771697805,4.74849710167002,1.67641856561769
-174.987930638763,-0.46669142751568,2.07609757590007
91.0482579647112,0.807761478584721,0.185591320104276
86.7082552947325,2.3849371986763,-0.0249804837916466
-7.98928390580371,-3.36951769708202,1.18110634104838
89.8475989377142,0.826297059899866,0.28078438707053
18.3703423091249,1.00349043857803,1.86828281243646
29.0790134884454,0.166128690328466,1.97084615649594
11.2944717021051,0.315596103946735,1.63029417725185
43.995218887244,-1.05588502859901,1.54109721060335
10.1662443700341,1.44612139965761,1.36738705615796
278.733522781344,-1.69988330414799,0.344603613458869
-116.666503019464,-1.59276810166642,0.158113995562764
-185.429908268969,1.45067514225597,1.61740364191372
-114.068114466963,3.37308895396319,-0.104245149403577
-109.33434562396,-0.772788338994496,0.454252581842053
-43.3609296474824,-1.01015682730495,0.626013071746899
-16.8469878275448,0.816147789250456,0.0632876090436538
-21.8533560026581,2.14471228372279,-0.431815083432922
54.1334435719376,1.93596578229558,0.299476992727817
38.9266203843264,0.540291065505352,1.63375418377117
75.1228984688333,-1.26881307117761,0.170093051500494
177.8255899291,1.25952636065674,-0.0491431119905896
122.306255173381,-0.158467507903179,1.88324755219767
-128.325610460477,2.75389833122459,-0.40775766784009
-232.895451628334,-2.81642497986649,0.743758288187389
90.1931466951714,0.28246336661553,0.43102446287855
-183.563868373519,2.57943878988074,1.55602570949958
6.67569114368658,-0.989872597318604,1.60576835672621
3.5479485837577,-1.24964990469326,1.42965367440574
222.716807816787,-1.8672685880602,2.29688377859954
-6.92142540220484,-0.557449827612372,0.72410222454851
-50.7323064614498,-0.401049918785383,1.07643884596157
23.5809672576244,0.273482326552562,1.99363218665717
24.5804851893843,-1.76669771723022,2.45081054159445
7.00452094168079,0.165075845448512,1.17396549354846
-60.8580510079949,-1.20774979610886,2.03395597894106
-122.259338018663,-0.737456528318127,0.0823659220071629
31.6500360797716,-1.67634084514637,2.36793892663492
-134.286923662193,-0.564950082816474,0.419361529227318
-103.218434407217,7.13973555374866,-0.0435009186413078
133.121588506497,6.81506473277288,1.21144547511422
-41.8903195029849,2.2938357196503,0.541131073157199
-14.0321722056366,1.57451506602818,-0.0240743245388105
89.9822328897223,-2.5562747383818,0.991131118430868
-30.0111005615676,-1.16918620256248,0.297393918241955
102.93657121031,-1.23881132846683,1.53958436507966
-34.5065971567321,1.07060209168897,0.118783442760851
101.280186426298,0.965974105786423,0.837000459780345
62.9334584931419,0.216950166960766,0.194537406048592
-21.3015082641055,-0.680569451335229,0.18131323621535
-86.5697308360524,-1.85169683978359,2.10290575335613
-104.310830133763,0.0106433795897079,0.984167424967314
-27.0068812648099,2.27829898190156,-0.264140561933693
-43.8141355602144,0.854722495083858,0.532022109072695
-40.8674314796326,0.362064298620345,0.314831999029627
98.3545235205556,1.31495947741664,0.569238759381788
-29.7697144009373,1.16849121185123,-0.0529721866479245
114.367891077096,-3.2329025909593,2.47929214006784
-53.1620117507069,0.0375487041219601,1.25604733066424
97.2565728008653,-0.851921516592365,0.897891891122085
-52.2250484993549,-4.06805453032879,2.19889618229218
17.6577794642316,-2.65710510367278,2.27125476508025
97.0737823554689,-0.639771237722327,1.08636371621058
-41.397227497423,1.65086092910979,0.329524299491412
-43.8270518204902,-0.458585618537989,0.712236943112205
200.339061086226,0.524501626589874,0.821487050076038
95.0993499549085,-1.7959590894456,1.00612224117565
-43.200384372778,-4.3146054121197,1.66366273409165
64.8940737363587,0.18783351297793,0.284871229437436
-36.0076301153972,-1.90236292970312,0.499523899664942
70.5885019349416,2.3451798608787,-0.155842935769465
141.584906843659,3.47019173273959,1.34206895093969
-160.451566859706,-0.743392090701687,1.69286613197644
102.885306900203,2.38572825736794,0.899090710611564
145.796778066199,1.90729605242782,0.922995403281055
4.74713232748285,-2.83008907000152,1.7248592456868
174.625671011842,-0.0667126360952721,0.158509303750578
15.5387514201181,0.5222355270791,1.81450153432894
-123.711968466263,1.04598906867387,-0.207778325311943
-219.349427883461,1.35357368552644,-0.128254512751683
-33.3407067263733,1.34879131518769,-0.0900972896128825
71.3543302564059,1.3567979187967,-0.322440574256402
31.7407733234497,-0.62515943892794,1.7332229709848
41.361039029313,0.758487531272723,1.39303986129381
-57.708558363794,-4.50579646976871,2.53842663075687
14.4001801404465,-2.33670139328643,2.20479985647712
-163.866572993389,2.4039312433805,1.3504265617333
-76.0089998635267,-1.32147718229287,2.06265105955739
-81.8793096250257,0.655118080088826,1.75242004401195
51.9728888133619,3.01625415829113,0.497390324935306
-1.41600590972047,-1.77781791572243,1.14984354206782
-115.552936828724,-1.91856926100719,0.592903240307653
-0.952491609816556,-0.985438608509442,1.09140594551932
-68.9810537631709,0.882113158349168,1.78246986273136
-66.6699153601164,-0.409528496607256,1.79385486983461
86.4149421165126,-1.95561385745157,0.555250647691103
11.3419436226868,-3.14589317491677,2.38414597181302
39.8362846165994,-0.740523131036244,1.64844280222526
88.3969890234671,-0.442290932431436,0.426510862949236
18.0257693987047,-1.07042564427385,2.29861411749054
55.085452205747,-0.523944346110851,0.85665804044473
68.2964276111937,-2.19082983731972,0.631850088172091
117.06086600356,1.09846697965506,1.94687898986394
47.5860587278343,-4.34924113259278,2.33310103036189
141.22326864445,0.289229302912201,1.51664247294823
2.26084843095981,1.33806687060461,1.13680682968963
-4.78694102202059,-1.69765831951584,0.940305956804756
170.133465427496,-0.114180238385883,-0.0026173791621321
-50.9711712767427,0.583572528707591,1.1701299650405
-0.285496014432121,-1.22923708026532,1.25486602725558
91.9867079806396,-0.0272863771341204,0.517862303928724
14.9808732632761,0.82422699229719,1.72577340009357
140.493344567698,-1.87429919072321,1.90269307969023
103.412153956971,1.67031407281488,0.940559634108397
29.1570288770806,2.1890769218193,1.62170602404771
-77.7698538311603,0.642361465937748,1.82796633650536
56.6696097539305,0.0302256770881012,0.493696693194941
-138.262115948035,-2.32898508243313,0.795837731239168
24.4474675589888,0.989681494844683,1.78986767610029
80.8438803167691,-2.4316979696485,0.710569649150432
21.3041698417,3.18157595351717,1.58516189996725
87.9677164233489,1.0529500971911,0.255157667123951
203.887625141404,0.529637183527206,1.14337282928061
92.3932448688937,-0.787195781158823,0.672083108102054
26.6917446595828,-4.35262007667251,3.1858135533489
64.1661506421779,-2.39130886405117,0.85939316356045
42.5485355625296,0.730656784863692,1.33991183156628
-131.472350348688,4.82488611434124,-0.30172623405571
-41.6411219699434,1.48049444115879,0.327520238822901
122.468782478534,0.619492777214741,1.92613517917986
-4.35842055463326,-1.08397436622663,1.14677303177503
58.2423277447969,0.244566368276998,0.618587131458284
-100.650007461934,1.92455866554012,0.775493735941983
6.45167423111044,-0.50794968664653,1.52293044947396
60.0291949185784,3.78351197852727,-0.110826349415392
-136.151495486457,-2.44050827445527,0.725998145690338
34.7592631960065,-0.752474287977347,2.13363075637102
-18.1843218459334,0.104858297554446,-0.129172555471083
-93.9534765941492,-3.90786740121706,2.22519730560901
-3.75331888191716,1.1308411423204,0.575693980443571
-189.630449362245,0.155588924800556,1.59563948189921
-212.797676818267,0.161402375252645,0.074862427979922
-117.692333071496,1.58941561887493,-0.0762402121611732
-99.0532220484176,2.08737787295743,0.838598013466896
-117.303232726741,1.60436929605507,-0.213968485942987
-172.542778952869,-0.937648729671253,2.13132398142376
28.8228089665011,-0.0931847486531896,1.8655893391224
-159.418372026681,0.706906069564852,1.6091471050452
11.0218849223381,-2.51360112636858,2.19617341832438
78.706667635798,-2.07206287575907,0.414384377360434
-0.222678631383613,-0.853925375527065,1.04641012030919
9.31087600588035,0.15533735886406,1.53652445154287
-37.8157056589758,3.58186051792121,0.0259591678807257
-148.2676111059,1.59452627081381,0.685518956397981
-4.38185853582948,-0.885001481649409,0.922407329128881
96.0825211682115,-1.25818218302963,0.869602289555588
173.824493261334,3.06759254265222,-0.380924598497372
-43.02062424261,5.46708076262648,0.055059245092639
-162.732273646978,0.334878154970094,1.52492316253252
16.6347492460066,-0.957730331205359,2.15091589111505
37.6265910450719,-2.82530776636361,2.54941435817984
-22.6950464706233,1.94997611013795,-0.422792740186697
-114.891228961879,0.57943796843707,-0.103702201649388
202.433259954387,2.33081650218431,0.823125421884654
-235.952351095849,-1.81741123263776,0.657274607543422
-50.9972045799939,0.481150074458905,0.977388230141657
-132.16255908101,-1.30809267038325,0.327327876984621
-63.6128249660041,2.54990907661343,1.40920971936819
31.7851419059697,-1.10238122187188,2.0057232063447
13.8047974449526,-0.174817736563574,1.62781091635305
-71.0735074811226,-0.695640636519482,2.25080502460546
77.7003526719788,1.9879250683112,-0.23840466601769
62.2393924172013,0.85687234604762,0.0527221110157434
64.7380884516047,-2.00837056032394,0.705919401910696
-42.5631681660351,-1.26537575332615,0.654596167505146
104.858076053644,-2.09141998244987,1.70538662695602
66.0707086367175,1.0114140189175,0.0722499844167025
250.877247318511,0.663907442793512,0.75608799001529
106.345963904102,-3.27082504537623,2.07814552194495
115.692165332739,-3.81368041063238,2.72494997062928
5.29788273256128,-0.0807974420849966,1.53555696786224
-128.838600294029,1.39438665929283,-0.13252216431187
-37.1221247497632,0.337605150977339,0.181660554859336
-75.7791916498819,-3.08759265146246,2.64923046072924
-56.3968917027427,-3.10360478828341,2.04060336745408
55.5138560001846,1.73415560723877,0.540108315781874
-55.6778063950366,-0.290745980846795,1.37044141227778
-89.5113135482436,-0.772483327634025,1.67057674387143
-40.932772163407,2.63240822472561,0.129525235192756
-16.0886766738443,-1.59292845318777,0.44730242429922
40.9334430455455,0.27088274377119,1.57453330141339
-95.2635997119977,0.835612860417191,1.25916158421538
31.7317472324612,1.6397592919274,1.78145456267186
7.80200809780775,-1.70870675824002,1.86500756248874
132.438544916022,0.714637176370234,1.8437214287391
-21.3170486421586,5.49693311175043,-0.382963024056589
-13.4478644555426,-3.02595398705639,0.791925237810367
-117.13558179203,0.867958065547199,-0.0497930198392885
-138.526268319524,-0.459535466928044,0.250019152085008
31.0508318600499,-1.65417275259818,2.33798119943916
-24.9489064473939,-1.66396523078687,0.321756794233745
50.3744055737328,0.99579900116661,0.793618150894343
-89.2661403477038,4.631252206689,0.914494856539565
190.851233035822,-1.58765140330507,0.777568595224939
12.2230700504887,1.08191913856395,1.50372654706885
104.703326689793,-1.1181227142232,1.36060568290732
-22.6920199323937,3.95313211665334,-0.587804701247521
-16.2501941548495,1.08932075057887,-0.094871513096702
69.0051897857806,-0.275811115555881,0.0921150141518525
55.5756771412105,1.23975127150133,0.305240207657753
-112.025500148841,-0.0111655668898113,0.297949402630428
-153.269301392951,2.2143984908484,0.956922904682
-109.786776954067,-0.371180216874286,0.449255291582558
-141.577332156794,-2.24283562502381,0.878598429598295
5.95705885660458,0.492899032798223,1.31716078204491
-41.125092553222,3.12207446037038,0.17524895722375
-36.8010733040955,-2.39324342912544,0.708017336716572
-136.096312939369,-0.484690555984407,0.270821270076176
77.9567428734972,2.00965632688499,-0.410995913925616
43.9411111553712,-3.84025161025477,2.17035108556238
-8.96224837412097,1.2508915589216,0.338582627147017
102.118011801418,1.50592083556519,0.899353336613246
-87.3979465028903,0.42696736704541,1.71939421246148
41.4700293047627,-1.54046814573715,1.87036617619479
34.8441199952281,-0.0142693050574856,1.8546944196664
34.9254416663714,0.18637304955487,1.85784224762179
-72.9247267629503,1.87050241478144,1.87602227299198
32.6840248762991,1.32703584366321,1.74495846190061
-51.4881632926476,-0.700465333470411,1.25979710909522
-89.6446150502486,3.23975487870993,1.1841811245019
-120.326818641502,-0.101666192963226,-0.0643386735061313
103.781563948524,-1.62539414153321,1.49602083038492
-84.5944212336118,-0.876839869393854,2.01367470129006
-17.2913844259168,1.71721998927099,-0.245011841430312
-120.86520547402,0.390431870476676,0.0173762531852748
-29.7126799995404,1.77772430776541,-0.180644883867976
-323.203779594001,0.1384436420785,-0.0064457124311805
-108.695922946133,4.97364264059469,-0.0529434767025768
-142.643615947972,-3.331286235763,1.29876482394228
-101.445076770532,-0.831855889704043,1.0558359116456
-21.3267188307358,-0.168449212941789,0.0541129733622198
-32.5347780360491,0.178503895014978,0.173620706234432
194.439779196628,2.9122944009507,0.264122990743574
-57.1773218349456,0.438907037276165,1.1011794822376
-25.0032278035044,-0.229754503838642,-0.00957995838232577
-156.93154703407,0.137204938966198,1.41887263183178
-47.7382663694067,1.5029897139402,0.732753950887567
-133.797665356226,-1.37885411584635,0.545320592050514
3.02990237881831,0.901627169048834,0.955554750260776
85.3086767518578,-3.13004931571346,0.963468407146171
40.425346510936,-0.157591847324857,1.61636202417594
-70.0620213418205,-1.88358393812207,2.30021097521443
-163.054289274725,-1.30572301163243,1.9768885758256
146.001318514265,0.565058479833976,1.15592272438833
205.004273293787,-2.25015808597074,1.77833800449254
12.0500599699389,-1.97794817428637,2.10108774255191
-98.9901604221187,-3.03171752209794,1.653712560456
119.777147431488,-4.4570209537463,2.94402625358903
-59.2656218169254,-0.303043356606609,1.69822406614987
-46.9809363224455,2.32548873121272,0.468162926963232
88.6377377072694,-0.363872572310708,0.549180209786051
-138.521980111084,-0.467907080661908,0.328411957073204
-195.675395423192,-2.09346813976673,1.62650098823316
42.068370020125,3.16663775557408,1.21002961191511
40.0737998146962,-0.498826843049185,1.81147986848112
9.51421578641687,2.58803801671012,1.10956004087163
49.668439163653,0.723960275840618,0.927817519658556
108.22405961607,-0.526105017407308,1.71979666774655
97.0447788354572,2.16428890383311,0.645832575726322
-56.8569570389605,1.96486816038578,1.00987958932606
80.9972073318538,-0.222887928577711,0.269843121667867
17.3247371832088,2.59190157097887,1.60133762197199
-50.5542568515379,3.56259004300716,0.609796753021888
-119.33057908902,-0.131229751478081,0.0623332959524975
64.697093888115,-0.511361730739767,0.194680507446517
-35.3622599299341,0.809276314078933,0.0878933497194152
4.6434526687823,0.703513506654195,1.15132273687067
-79.2947502201808,1.61502212041657,1.95883789726624
-155.051447477956,-0.511180984615563,1.42002705611515
17.1586355268628,1.43022655757137,1.65163473488086
-6.21391248043618,2.09719462572719,0.323027166374997
119.902787729197,0.3550971100331,1.83041188094504
80.1704070327277,0.306595369655968,0.209670951221112
105.330457914955,-2.50864895663274,1.91148340033778
-74.8876752543159,-2.34560171661769,2.48582486448318
-93.632649711602,-2.92288363015559,2.12947806269584
-126.908677286849,-2.48857597421281,0.517881048353504
49.7980623046732,-0.310198750669527,1.05597256654164
278.908112764392,-3.2298276270032,0.687435219399417
72.7572036915723,4.49213029956966,-0.578650708697753
-77.3064102152237,1.47856226461944,1.93156173763382
83.6633754476153,-4.13529072526657,1.21352949846544
-112.83303100836,-2.3091011628086,0.756340447657119
-142.447009141638,-0.214383756254791,0.749857953510178
71.7442315507358,-3.42575817305772,0.793179001877216
-77.7905520185398,-0.919789084252743,2.17934485086719
31.5985880708604,2.18200020674585,1.46840983167973
140.653513807679,-0.327760513513454,1.65775339426718
40.1124635731864,-0.13448094048867,1.45998852839443
92.9660284419656,-2.00318491196927,0.869815769712231
-160.580220462075,-1.11132289426928,1.91530365881185
66.1536244123409,-2.70311268504399,0.75478782060957
213.850225382851,0.728422645469617,1.56292877733141
54.1139413417131,-0.904415209957061,0.867259114462612
-154.087718185788,1.56673193977212,1.04985497247879
-20.3142794821834,2.47447329575951,-0.272918928994866
-49.9965221779343,2.15439636286692,0.526965641673492
38.3023912780829,-0.0696822472074775,1.56168000812601
41.203537811175,-1.0079746679254,1.53062570301612
40.549255051644,-2.44803794961758,2.05608856115314
-36.3780750881015,0.237018165574997,0.0340003928834724
-59.9272040041946,1.91894700147075,1.38054335821822
-58.9588991418034,-0.681860877188143,1.55345040742971
85.3540834064481,-0.346636661968315,0.1530905634794
-185.30080714196,1.23260101534968,1.79111409300307
-20.7303159647625,1.72783873917539,0.00178983254692366
27.0378202689916,-2.8338283339525,2.51357230528411
-65.2771012058928,0.399903917230071,1.7509446678579
47.7227285007673,0.391653705639607,1.27570707435064
-7.1319650027454,-0.302264805876369,0.564374316539913
-93.8301288268817,1.78556832606884,1.29237981777274
16.1363534650636,-0.728380376167251,2.05994108177895
-26.8182881913388,-1.65237737712072,0.329123536468455
-40.9872647756742,0.552022610537551,0.340286943051633
-71.1322710526139,0.919594601945362,1.99783312648586
6.14454835840975,-0.435013340770498,1.522853945496
-184.612923609859,1.59224593486281,1.52671412326403
-39.8333119478132,-3.03604513577162,1.10170249718662
-54.3548121612387,-2.14983406477191,1.61332620756713
-91.189850428866,-6.14433146794402,3.32507533983714
65.2698590995241,1.04281437725144,0.174784206773451
-73.4271258590912,-1.98204725295111,2.43974822125615
54.0633089814446,-0.506251475006663,0.759529627462841
97.5840884581828,2.01853052471793,0.597906268094848
-15.6870414727051,0.102024106194421,0.079730462109161
27.7799321723375,-0.880865582021586,2.34485068964683
63.9517303110873,-1.69693882260867,0.378924038119749
-8.09780150606096,-0.48074167850765,0.530340736590195
54.0870143763935,1.20585887232307,0.641095349905772
-126.256484462796,-3.03250730205269,0.578758698406986
111.042384067016,-0.136697004562853,1.66430682058408
-98.9562679068363,1.56478573041947,0.90142297125087
-182.883593420384,-2.8414518461497,2.61130155563811
138.449851135426,1.33873026164605,1.37098161202126
-6.27267940412559,1.36647327544884,0.395339534524146
44.892112001917,-1.76427244645388,1.61013445331098
-36.3258472467672,-3.00901751095981,0.882475360553245
-102.058339313102,0.866278797691926,0.773538589429786
-307.298853928707,1.61651142687503,0.259268283442004
62.6278997699139,1.15787597164385,0.191744205238418
-28.6684533211225,1.52569825161436,-0.155411377302475
-19.7342906850919,-2.36425406789079,0.489965090559761
40.5605372640549,1.16769538020843,1.40967932936353
-141.934846053479,-1.16001936376793,0.826376778924845
-72.9445237982782,-1.12273437838469,2.29675740674733
114.732784158513,-3.11179296371756,2.54558410537299
59.7864632881486,2.20041691259046,0.109614454995314
-128.128125909253,0.350116603802359,-0.0994396905539469
-220.32642421699,2.00722262066614,-0.219114217738979
-57.1246319791095,3.02201634855793,0.990547256784048
21.3996478716457,-2.27447806063155,2.40225265659066
94.2376933302384,1.28603678632275,0.545357775242518
9.37254906669184,-0.0255200881120646,1.70440714126238
-112.231172152804,1.82851945001874,0.101825724250534
30.6157818568223,2.21538915206805,1.83498404922922
-117.233486755329,1.64094292293258,-0.275485111504874
-96.0966563537669,-1.63522366450989,1.55836420857153
-65.3735016358028,-0.252970442210423,1.8751786386611
-122.939364899916,0.528285811577311,0.0855398829295489
-27.0965129963311,6.31705614586071,-0.592264718367154
-89.9950067342813,2.45323445702341,1.22005401803087
-28.5686137601834,4.64127064270695,-0.458171047457564
-46.2421544353747,0.828995721278037,0.70127382080218
-40.9785214740165,0.423663133560572,0.413121500624047
-50.3538984131873,1.22633378340501,0.634631870656283
123.329711264414,-1.05555392163237,2.28915558356612
61.030521757395,2.48320250270506,-0.326965826564022
5.90721550526544,-0.315261365625047,1.42759533212219
-146.694673042825,-2.7472035691872,1.21937589121219
-162.580326639623,1.74167630943582,1.42321003052841
-196.475241539089,-3.13706660428237,2.04633575786842
260.519575087392,-3.68850579183112,1.18397010026217
97.2374811203577,0.576819619407373,0.927353971087339
25.698096970426,-1.90182225502641,2.44984113967388
-97.4240459346947,-1.82146418813598,1.49119712659172
-114.636438588742,-0.323898340605174,0.169733378263535
54.7639504480465,-0.977803531437887,0.832529926908525
156.508398508243,-0.445564015871026,0.716904882411079
-169.334366132081,0.544132992876108,1.61355325423462
-44.939735986025,-2.33706178766088,1.22514794550405
-8.42920727534208,-2.44846861385845,1.0266633353799
-199.199717760327,-4.19895739925132,2.14555135276551
84.1245666352581,-0.780485260119076,0.503562822132876
-41.4658917455485,1.32856351551807,0.258114894256728
191.218083836386,-1.40452801436036,0.641494115168606
-39.0898732233772,1.00265506861694,0.331007809116387
40.9182082547355,1.08062749139549,1.46479994565905
-114.242816812144,1.98150197306395,-0.0756974089112898
-62.4863775636728,1.97875623340397,1.36622701818092
-116.872284991455,-1.37768236583631,0.410593020288427
39.2575281297536,-1.71367521320111,1.84247200758037
130.183950434961,0.0967800353194929,1.9380303180681
-59.3641761840396,-1.32970680573517,1.73930644521089
43.6375391562132,2.90548392197967,0.923432100297596
-50.436248052581,2.75969150428887,0.755518297900737
10.2107713303418,0.190272837939389,1.57026765054239
119.625054082237,-0.854254127967891,2.23163268141508
12.028281636165,1.02161561968324,1.42064164000012
-103.684339707676,-1.31254724876093,1.03912459180735
-85.7103238887738,-0.250033551897299,1.71992127006652
-16.9874304044058,-1.06093340061452,0.379364757038729
-19.1668280046305,0.211172798533891,0.162336052772159
-86.5815207739937,2.2567008132548,1.53558518736805
18.0664133586186,1.48495608219127,1.47581358357686
126.652847557265,2.2872063090378,1.74582571668174
-25.1169287438378,-1.82942849011085,0.357393703913726
-20.4570050663136,0.359603343848865,0.0157176262647526
-220.152190603627,-1.9666956404017,0.379178006906393
-77.4513104760749,0.769657141503958,1.70267426203332
-139.327258405515,0.65139526447934,0.36495225077758
-38.6234650983644,2.59262073711935,-0.0570363473414376
52.5586350117865,2.19845896698401,0.50016734408908
152.32692753906,1.30644609749835,0.675484257311227
179.849445190826,-1.01014677454282,0.483096829803991
-11.6884266969787,-0.951987613966775,0.73116145397665
-32.019618688563,-4.1031228436625,0.945331745394063
81.7516283237215,-0.896609075878884,0.20240316995478
49.0159188823982,-3.10239306972194,1.8376294425851
76.5251160015635,1.85965155693894,-0.469225305794068
77.8279045311317,1.80387994371797,-0.119514022579887
-148.030517341863,0.276574898107447,0.799995836903342
54.0363959609767,-0.756815517003105,1.02346153391752
-9.15390218682469,0.286128514772057,0.32147675709705
-76.0252376958568,3.21007733284031,1.49134040087368
-69.3595443143501,2.69823210858269,1.80711112145501
128.145775266336,-0.896884222701908,2.20056216766232
-80.9737610765752,0.336822641843331,1.84481486826084
-123.681835282285,-2.24099339002547,0.352940390617037
21.4686448131779,0.80146181512618,1.96078029812416
201.077176753361,1.47812528940598,0.883485550593232
2.55544334123088,1.80008940925926,0.674282086932697
30.8299436246859,-3.06243654431816,2.50929574103603
-93.8247210627779,1.00924157373295,1.52052356273818
167.421595177913,-1.7284292918779,0.443916887567555
12.4988173845023,-0.753109903974201,1.64083626591652
53.0101256550695,1.57602081009353,0.492187767839591
-95.2068223401487,0.596411282993909,1.16002078287992
85.4042818220477,-0.327483673609706,0.331728627533415
38.9145734517764,1.21346509106893,1.44217068706877
-115.60010849517,3.26899735781984,-0.240503344130354
3.97401269892484,-1.24698744863336,1.47632758760335
-45.0598603707587,-2.70020033188644,1.16689407871641
10.9247941665665,-2.32448195809011,2.22422228286854
-25.0552842446154,-1.8885584028631,0.333408888175373
-18.9901654648676,-1.34242187974789,0.274852105381226
-103.291351430084,1.15336233972364,0.639287643588162
-32.3291921419398,-4.17154017552409,1.10170141021682
76.6526854105447,0.471927767156077,-0.122407233009184
174.467317966905,-1.55684270000054,0.309517824133284
-116.051992616979,2.19912389079076,0.0583698193869514
237.741185238417,-1.71112859127208,2.08045071007445
152.607796250707,0.0151152471263002,0.768854958732186
16.8507500217456,-1.87517153760423,2.15167464289821
-30.1206529323699,-1.36311936501837,0.282487602760784
-69.8654270705207,-0.520278860782128,1.88139472862006
83.2770575778025,-0.457590728617623,0.394035849693161
-69.4605254222804,-1.04962598797982,2.15163642747822
-46.1882993134125,2.25663702951068,0.332976606808463
88.3617136720828,1.1002784990443,0.176708578725638
43.5944182163725,3.71029472139846,0.786159835196695
89.6747363054463,-0.55459758906125,0.550879008009169
50.4732027944892,2.13326154174506,0.652918020942549
-40.0897135515841,-4.19847770198074,1.43422721281199
-51.3848012099214,1.27696753883671,0.931379289530029
79.6367596233901,0.742930913314204,0.0110477877406786
-67.1190164007305,-0.748358599828243,1.93174601076077
118.665904286638,1.39069665230249,1.56825791042287
79.0701970703587,1.75525748174257,-0.231503277473242
28.7721494673668,2.06721129717333,1.59830235492922
0.322611456308685,0.8395826407393,0.93218573903909
36.5617187472922,1.20213845576251,1.38051149707063
352.667781833885,-1.34803662743418,1.17093266300206
-11.2436662512024,-2.19035691380473,0.822093680792019
-155.659393493828,-0.535233451371675,1.33029289979897
191.510229545677,0.373100743802614,0.399498325857491
60.984605323831,1.90188934366017,0.175452060357651
-64.7911623091645,-1.58103747379313,2.34536680612442
261.733491205073,-0.978955963864914,0.469870346148625
55.0950420745412,5.94894774120396,0.19452831313693
29.4203684446698,-1.24517071374302,2.10624474792028
-77.7843798253388,3.84060598022527,1.5326638550459
-106.493009609004,1.92229785350264,0.308376512307879
-176.841403231106,-1.11560632924822,2.23168330159688
-42.291953589843,-0.213110303131279,0.520746916227437
-105.310242919018,-0.430322493005785,0.604719275384613
64.7755244971729,0.946979384196902,0.0262710665785435
-31.7628188513512,2.73128191678495,-0.232792792313702
176.899156918657,-3.27560743213827,0.682717617271156
151.058239519276,4.04745772993398,0.42449521147559
16.4010316907443,1.55557857117675,1.66937988974776
-28.2763714505208,-1.09780384645963,0.275812520866552
115.216580794839,-0.252022720232869,1.7864796301439
-114.65076321167,0.599160814599859,0.0822014036466412
